id;prix
1;4.567070539521914
2;2.251730753632485
3;22.040000000000003
4;37.15041982948674
5;167.75655737692327
6;7.675478455147677
7;1.9399999999999997
8;171.6646940565542
9;13.95231227308178
10;8.436606609268976
11;3.099503519433904
12;35.48490845585049
13;11.924021063287308
14;6.570023246686989
15;18.866214460678645
16;195.46612000637924
17;3.1917309568554444
18;7.0525216503754695
19;3.4899999999999993
20;4.820000000000003
21;6.712745698596956
22;1.59
23;26.142555553286755
24;9.71189115165249
25;3.817735732176513
26;4.434022540730806
27;6.1563574325007036
28;9.200277548858265
29;12.49516061337649
30;2.557766353063762
31;9.84686536600785
32;9.291965120279556
33;5.254040454396336
34;14.899410031070387
35;7.626126273446775
36;3.7041047114286942
37;52.77088375986184
38;13.037651470495915
39;16.03000000000001
40;88.03544605494437
41;6.637454330422918
42;18.63
43;1.6900000000000002
44;6.302807460891179
45;3.0134267732231255
46;4.45405242615347
47;37.517286595661176
48;8.139999999999997
49;12.394152552969254
50;7.777265478994556
51;6.00843807793665
52;6.2106088865847235
53;3.951548280076168
54;18.131138551731265
55;142.6005054103305
56;3.7075808173275795
57;7.159999977560741
58;6.3530372990967185
59;8.648330995165589
60;13.777262488267107
61;7.550000000000004
62;239.36394716884178
63;6.141950076004159
64;5.946517604940964
65;6.750000000000002
66;1.5742430653377733
67;6.712745698596956
68;6.712745698596956
69;17.265111422960373
70;9.71189115165249
71;1.244281175399766
72;13.050448710912637
73;6.23599560639048
74;8.41037798064578
75;2.8299999999999996
76;9.84686536600785
77;7.56760017955887
78;2.757401676806878
79;5.6803428713279756
80;7.468302755079622
81;172.20066752207404
82;7.550000000000004
83;11.79180285847212
84;5.80885305785373
85;7.676276131039166
86;38.19656409519274
87;2.9299185641517194
88;8.121081062762705
89;6.969161112111944
90;18.479431691363413
91;22.23669541356852
92;1.8899999999999997
93;25.452234048224764
94;4.661459255778182
95;6.360000000000006
96;8.436606609268976
97;51.09511645843257
98;8.98970100396084
99;1.4851642806645495
100;211.40253477588354
101;4.79664762888072
102;29.8924946825538
103;102.79999999999994
104;2.413070751795089
105;4.724057877317072
106;8.999340053752556
107;2.8015882795379543
108;11.838286913934807
109;6.2500000000000036
110;6.77382220515689
111;1.8399999999999999
112;4.973727007333358
113;17.642952552740994
114;5.882283558409096
115;1.42
116;18.479431691363413
117;2.65451542026373
118;1.9428839286925157
119;6.433794856232274
120;1.6500000000000001
121;22.51582176225719
122;1.6037163436161128
123;17.51064229083507
124;109.78984782065606
125;4.163999037744598
126;15.774717836542237
127;41.67236286557243
128;6.541844729388308
129;18.630000000000013
130;6.712745698596956
131;10.56272266055316
132;227.0880898122375
133;4.150000000000001
134;20.86040946927739
135;17.642952552740994
136;4.79664762888072
137;4.517851833135438
138;17.08364715158915
139;1.7570024294228215
140;7.014183120489008
141;16.756042136192406
142;3.19
143;43.03999999999999
144;4.150000000000001
145;6.567061942952592
146;10.689263881454739
147;22.594371392468375
148;3.8643023754572075
149;16.537203063810967
150;40.64675581597748
151;17.917600208530008
152;18.866214460678645
153;8.970439624102944
154;1.52
155;3.253770115626895
156;48.87969877212479
157;2.0055554241464595
158;3.732879424667653
159;3.4529014036426764
160;7.342195453806158
161;18.63
162;3.066328646898002
163;4.724057877317072
164;13.674452008769792
165;1.2485128303930202
166;2.497207048020795
167;3.7157546800734096
168;1.7485727667824233
169;18.866214460678645
170;11.79180285847212
171;6.637789021287383
172;18.63
173;14.860000000000001
174;13.450000000000014
175;4.45405242615347
176;12.609887570669501
177;5.11836558615593
178;2.917380131650801
179;34.23000000000003
180;77.21000000000008
181;22.51582176225719
182;24.273481420865462
183;6.3530372990967185
184;22.594371392468375
185;133.60643959812475
186;2.8563698193815577
187;8.070049269501627
188;8.708092390005094
189;2.354008595127814
190;43.9631106453523
191;8.392202285736213
192;2.1416922740837494
193;18.853092708203295
194;6.433794856232274
195;6.00843807793665
196;11.954815599602894
197;551.1173057819834
198;6.469359705996591
199;59.87999999999996
200;42.74040412037296
201;4.431188667310187
202;33.46292718776072
203;9.230033481242359
204;4.027253122101026
205;10.856572901271447
206;19.234658521700993
207;6.360000000000006
208;6.802352243767193
209;22.4875240819567
210;23.025535541537206
211;16.46
212;1.6449508708596863
213;17.99519675220477
214;172.20066752207404
215;23.422103822386124
216;22.99409808750955
217;67.6504174982246
218;13.116641374792565
219;15.18665778753912
220;4.662712418655826
221;13.116641374792565
222;4.59563238603111
223;19.89668835433715
224;4.984496515853476
225;4.431188667310187
226;10.85115596944224
227;8.172102625166556
228;8.919999999999998
229;3.5592809878196934
230;8.943616968983658
231;38.168501189073694
232;3.155498385571787
233;4.161870880729568
234;7.783529833512446
235;8.244899447572347
236;6.582146860013491
237;10.17773404114462
238;5.946517604940964
239;3.5150153943459648
240;4.72898644678657
241;174.27517592644483
242;18.63
243;3.80883616033804
244;15.62150299830619
245;17.988469563085708
246;2.3270228113430638
247;6.500224082887733
248;15.915186536889781
249;6.3530372990967185
250;5.660000000000001
251;6.402339011848067
252;3.910984379246775
253;40.7945302129748
254;19.76000820566769
255;83.79323043620894
256;9.4353770307766
257;5.937855230496644
258;23.318825089244104
259;14.280835786213885
260;2.371844576618304
261;7.216359536121626
262;4.356463614068136
263;5.835474662981519
264;1.9509173121539227
265;90.06177302124478
266;3.7062896323573313
267;21.23134869443744
268;2.083687415715631
269;4.778254328493937
270;12.61777392126337
271;3.7445068470008454
272;16.03000000000001
273;2.84432065362718
274;8.456333495023708
275;19.57040926791809
276;9.911369339616453
277;6.59
278;40.049821639538735
279;61.08254508626392
280;6.53304442772294
281;48.353776916807774
282;1.6850751450724757
283;260.98000000000025
284;1.6449508708596863
285;8.456333495023708
286;6.637789021287383
287;7.319939498620254
288;109.73041168782004
289;6.88721689367569
290;7.783529833512446
291;4.358391403387754
292;7.706734261608794
293;3.1121594031313284
294;52.22136550765917
295;6.845396816641464
296;2.3
297;11.891616709290105
298;164.36878504957627
299;7.804619430765793
300;3.782073547974232
301;22.738819810013958
302;48.09728011388862
303;2.3615512051723018
304;83.88512165139223
305;8.15405681213728
306;29.450000000000014
307;11.315334390357771
308;6.360000000000001
309;5.946517604940964
310;8.306481556952809
311;23.709999999999997
312;18.630000000000013
313;5.9562118492015195
314;18.219290867645405
315;7.43111408160093
316;2.0397850032133573
317;40.7945302129748
318;21.435990095734237
319;2.410012217851461
320;4.699999999999999
321;2.8563698193815577
322;5.835474662981519
323;3.945436767865675
324;3.0607228170875396
325;1.8999999999999997
326;3.9176556541378336
327;5.595442541284318
328;13.925203639898923
329;7.676276131039166
330;23.025535541537206
331;5.8429276678738935
332;10.771736892012509
333;109.19516960307811
334;17.033978410521353
335;14.491734975577941
336;42.74040412037296
337;18.866214460678645
338;43.925241965961376
339;18.63
340;7.777265478994556
341;24.207744408898726
342;10.05287622392542
343;8.168823360238548
344;46.28533586654224
345;55.84925907040455
346;1.1545760664388038
347;2.094158312864392
348;14.491734975577941
349;5.8429276678738935
350;1.9814383249673848
351;6.59
352;48.33276877756486
353;8.919999999999998
354;1.5496162431038705
355;17.642952552740994
356;4.5410511036466765
357;48.67332686647425
358;8.751386806354837
359;43.41491032368212
360;8.970439624102944
361;199.95987897140623
362;3.0771413202827
363;2.24978357436401
364;7.310832345292643
365;2.102570440281238
366;12.23875639946034
367;3.694088033697786
368;8.436606609268976
369;3.7255474754092486
370;222.92921706131253
371;16.929999999999996
372;8.456333495023708
373;6.9700000000000015
374;22.316657327479728
375;3.1600000000000006
376;22.594371392468375
377;17.567459306119652
378;6.3999999999999995
379;4.45405242615347
380;46.30608188817302
381;6.2106088865847235
382;12.47799858585371
383;4.065287083029194
384;40.7945302129748
385;5.80885305785373
386;328.0660373779373
387;12.420597959173115
388;8.350000000000003
389;2.3498461898147496
390;28.43168605614919
391;19.475696449271002
392;5.581357424955412
393;6.626335387829026
394;20.269999999999985
395;2.3427593470598187
396;18.866214460678645
397;17.642952552740994
398;34.93551833526005
399;20.49775439271906
400;4.967049741011958
401;28.440000000000012
402;3.681199365998663
403;3.1525875796780403
404;1.6500000000000001
405;24.207744408898726
406;2.1581609566143007
407;9.906949223891997
408;6.606702069864391
409;6.248724334104694
410;4.114023375858195
411;4.001068350951489
412;7.310832345292643
413;11.904932077549345
414;8.13
415;223.07298436952783
416;1.73
417;13.037651470495915
418;2.8563698193815577
419;3.519742460112779
420;3.112869761510076
421;28.576146363269014
422;52.22136550765917
423;556.1069472646532
424;8.436606609268976
425;101.42377356034211
426;4.72898644678657
427;2.9499999999999997
428;12.180939369117489
429;67.94363722607157
430;64.24675296052153
431;8.11334043396115
432;64.49565870255546
433;18.866214460678645
434;42.71618778278951
435;721.2491314804828
436;8.926361627850843
437;85.94518634258077
438;14.343681709090006
439;16.485963203775288
440;10.024998862927747
441;1.8699999999999999
442;89.388168878982
443;45.105769568860666
444;6.815176154063975
445;2.787198782454779
446;7.3953285070612935
447;6.772336542767783
448;5.596893729966618
449;25.45070325491546
450;18.63
451;2.005150715910252
452;8.76278842992512
453;4.279659954244558
454;5.856079587730632
455;230.3235482254693
456;30.210000000000008
457;4.427614267619101
458;7.780000000000005
459;14.00247052423919
460;6.992572612107084
461;1.9399999999999997
462;16.11709597133594
463;6.360000000000003
464;25.452234048224764
465;7.56760017955887
466;4.279659954244558
467;11.79180285847212
468;11.86143372196364
469;4.5410511036466765
470;8.667057983540488
471;1.244281175399766
472;3.4262673073241237
473;48.84884560989483
474;15.580286608646766
475;41.141150643860755
476;6.433794856232274
477;62.139999999999915
478;2.6409694140998514
479;10.280647751704711
480;38.85000000000002
481;22.040000000000003
482;1.6009916482626751
483;9.481710953915224
484;5.80418397249756
485;4.065287083029194
486;6.815176154063975
487;8.714484593885782
488;2.3870157242608707
489;33.71196940209199
490;4.5410511036466765
491;9.926698782963165
492;5.661872039053693
493;10.05287622392542
494;3.066328646898002
495;7.77374845735771
496;6.433794856232274
497;2.461997760539207
498;8.52619283890867
499;6.2500000000000036
500;2.787198782454779
501;7.0525216503754695
502;5.140000000000001
503;18.866214460678645
504;29.061034658853487
505;7.309507548360459
506;5.555398038957956
507;8.456333495023708
508;6.433794856232274
509;34.41005126738872
510;8.13
511;6.00843807793665
512;53.78825587251798
513;20.730170446769325
514;14.491734975577941
515;232.59919406943706
516;8.116984916372068
517;14.299999999999999
518;7.606087391804821
519;4.46
520;2.56
521;22.012271538963315
522;24.363018854990862
523;14.780031001052597
524;18.63
525;4.227470516774783
526;8.195844946097635
527;18.63
528;5.641550127814706
529;46.023372779617425
530;12.394152552969254
531;6.002708992287426
532;6.302807460891179
533;27.693971335976585
534;2.37
535;6.002708992287426
536;35.374052135456644
537;18.372054633209324
538;13.67989794170568
539;8.13
540;3.4337780240109974
541;6.360000000000003
542;4.241320464565129
543;64.6323480036706
544;5.669298855800931
545;3.0998303745668645
546;12.0266119304289
547;66.29747300066514
548;136.17027164012117
549;25.56832260079792
550;64.6323480036706
551;5.910000000000002
552;10.167102000111132
553;34.41005126738872
554;23.335289846437757
555;7.00697665362782
556;4.079368263569776
557;16.45554154134847
558;6.5074664309986705
559;10.697878566667281
560;18.131138551731265
561;4.110150079895135
562;6.360000000000006
563;17.54615448966538
564;10.622325483576784
565;3.784099215117357
566;6.815176154063975
567;9.62
568;5.046313965381453
569;1.59
570;55.14257325159682
571;63.64955823226118
572;5.106774641760331
573;400.2976155681919
574;10.255694018362139
575;12.47799858585371
576;11.79180285847212
577;5.954580407217906
578;16.929999999999996
579;6.3530372990967185
580;11.750069378120921
581;86.56109981268207
582;6.360000000000006
583;6.3530372990967185
584;20.269999999999985
585;94.57380351247745
586;1.9499999999999997
587;39.35683271540604
588;24.02592217975741
589;3.511140275181256
590;29.8924946825538
591;7.0525216503754695
592;5.857252923672276
593;37.68095322888907
594;1.8399999999999999
595;1.4394311208142723
596;6.784576716929969
597;13.941173457592727
598;5.134552220169998
599;5.2684847274534325
600;5.956396588630375
601;44.03427166207208
602;8.257514809569908
603;3.857133570259996
604;18.630000000000013
605;9.62
606;8.202423803697997
607;3.1483666068920675
608;17.642952552740994
609;1.66
610;13.037240341700622
611;5.956396588630375
612;5.886525972593436
613;4.356463614068136
614;10.893264699968869
615;23.59106286909565
616;26.84963979255693
617;44.10329399683123
618;4.151797556590842
619;14.293617345828295
620;41.22999999999998
621;6.360000000000001
622;14.711794782191003
623;17.615777231183095
624;6.567061942952592
625;6.62
626;12.180237235697275
627;18.362088612994068
628;12.235302303581566
629;6.97693976978012
630;8.456333495023708
631;3.7654462302624157
632;2.93286273847275
633;25.39453221530464
634;18.089999132958013
635;14.2
636;4.611068512711427
637;17.691728068707476
638;14.491734975577941
639;64.57139712225292
640;12.444031977692852
641;2.3112693146453727
642;14.860000000000001
643;7.324615858703393
644;24.196729170314395
645;18.866214460678645
646;52.39728405382509
647;3.0500753868983854
648;4.5410511036466765
649;1.7767982340071875
650;4.72898644678657
651;1.2509388393933638
652;3.817735732176513
653;10.161775179648652
654;20.971517678360247
655;10.88657906730706
656;40.7945302129748
657;13.283526103526786
658;12.49516061337649
659;12.49516061337649
660;6.360000000000006
661;51.10974508703977
662;9.353534015242095
663;18.63
664;5.191573542940249
665;2.3020292534048066
666;5.55
667;6.500224082887733
668;6.093194211654317
669;16.485963203775288
670;4.973727007333358
671;2.422442233126692
672;117.84645879324495
673;6.00843807793665
674;6.093194211654317
675;2.0253340388315206
676;2.56
677;4.151797556590842
678;2.410012217851461
679;5.8806446949672
680;15.213760268734966
681;2.116651468777691
682;149.95000000000007
683;5.692832094445981
684;4.967049741011958
685;12.268303198260021
686;7.09096455626552
687;3.8846521426544216
688;13.711317733231196
689;8.063162311752718
690;4.179999999999999
691;3.6722485071490403
692;13.037240341700622
693;1.8399999999999999
694;18.63
695;1.7485727667824233
696;15.32227753896262
697;6.360000000000006
698;7.676276131039166
699;34.93841674314003
700;22.254306731280636
701;33.06713523652251
702;65.55999999999999
703;4.985825174731453
704;10.34011104684106
705;2.93286273847275
706;6.00843807793665
707;1.9114439050623595
708;16.60231121537159
709;19.300042983550668
710;18.444845830873483
711;4.344486643655433
712;2.85709004557118
713;13.116641374792565
714;5.946517604940964
715;27.500000000000004
716;4.2527283536207205
717;17.51064229083507
718;26.536891553879627
719;2.499383121500737
720;3.3566352993889126
721;1.7485727667824233
722;13.872037438638456
723;28.460735803764226
724;7.513625976733848
725;29.69179576384525
726;14.773076054853732
727;17.642952552740994
728;22.492967481691593
729;14.860000000000001
730;8.456333495023708
731;3.756277877941523
732;4.227470516774783
733;22.040000000000003
734;14.360066274890835
735;30.857866993300856
736;1.9114439050623595
737;6.815176154063975
738;7.547809256010312
739;23.709999999999997
740;3.8211468112513938
741;42.66031485144133
742;3.7762561330415707
743;1.6430119897284365
744;3.817735732176513
745;13.856897225159258
746;16.337339565179157
747;23.709999999999997
748;15.860136129444067
749;41.090322894781906
750;5.62744244186053
751;15.43035336695491
752;16.733461141568494
753;1.957727235529109
754;4.204908607563143
755;10.689263881454739
756;43.925241965961376
757;6.433794856232274
758;6.360000000000003
759;1.42
760;102.79999999999994
761;18.63
762;21.730000000000008
763;6.00843807793665
764;6.302807460891179
765;17.271545382109466
766;8.500560445786803
767;5.2684847274534325
768;4.812599234793599
769;10.622325483576784
770;2.8173544910525967
771;4.970000000000001
772;28.080125541189204
773;4.370843995350605
774;30.85767726832586
775;9.002739185450109
776;40.7945302129748
777;4.427614267619101
778;18.63
779;6.360000000000001
780;1.8699999999999999
781;3.13
782;6.433794856232274
783;4.370843995350605
784;3.0243617961486646
785;2.288308966033854
786;11.626413070561568
787;21.719623994143348
788;13.450000000000014
789;2.9250252283398286
790;17.642952552740994
791;14.799999999999997
792;62.7651535780186
793;2.13846225978845
794;24.207744408898726
795;6.815176154063975
796;2.288308966033854
797;22.37767731117746
798;5.731625464510262
799;80.48086516322158
800;4.179999999999999
801;8.16478597998533
802;133.3394691022587
803;16.513994888218114
804;32.929510464372406
805;41.39590490627107
806;122.28134471614106
807;29.8924946825538
808;18.351689012158662
809;23.709999999999997
810;164.6804772039752
811;5.519999999999998
812;4.820000000000003
813;29.006221664087843
814;4.5410511036466765
815;2.21
816;6.366938652671073
817;5.6342005788151015
818;4.218587811697633
819;6.637789021287383
820;400.2976155681919
821;6.130000000000002
822;3.13
823;5.295991457781942
824;7.626126273446775
825;12.47799858585371
826;3.656650266051786
827;3.7255474754092486
828;1.8799999999999997
829;21.963813312050476
830;12.18738128318338
831;25.02549542428314
832;17.917600208530008
833;4.431188667310187
834;32.56230242824942
835;26.84963979255693
836;52.64511419218687
837;13.037651470495915
838;25.768348077557985
839;17.567459306119652
840;3.789484988430738
841;18.379646877761704
842;4.179999999999999
843;13.958184109760625
844;2.5161374418255837
845;5.0034119369648264
846;20.88999999999999
847;5.519999999999998
848;4.460659769957921
849;4.2733115838936255
850;22.040000000000003
851;7.80948296661633
852;7.513625976733848
853;22.040000000000003
854;6.360000000000006
855;141.6444411817466
856;12.511507107980652
857;22.266632547288317
858;11.954815599602894
859;7.885119209400931
860;46.76100108744535
861;18.099671001288215
862;4.72898644678657
863;2.3231728106983587
864;25.057553139190173
865;4.055594911303002
866;4.203887418712766
867;2.8563698193815577
868;3.470000000000001
869;20.836856495793214
870;14.384264119482749
871;15.82509171267089
872;4.899907317609196
873;32.929510464372406
874;13.037240341700622
875;12.444031977692852
876;2.1626202453601606
877;10.56272266055316
878;8.126213950988047
879;23.709999999999997
880;4.72898644678657
881;6.093194211654317
882;6.88721689367569
883;19.958935639508372
884;23.709999999999997
885;11.005313258536017
886;3.7255474754092486
887;5.80885305785373
888;9.58480517071189
889;33.4903760608636
890;6.360000000000003
891;13.664690800447277
892;2.288308966033854
893;2.8563698193815577
894;12.299002822755464
895;5.519999999999998
896;10.129999999999994
897;3.817735732176513
898;22.040000000000003
899;6.360000000000001
900;4.46
901;6.500224082887733
902;21.730000000000008
903;10.05287622392542
904;2.3
905;4.241320464565129
906;11.439452604975962
907;3.9733757615843177
908;2.787198782454779
909;4.512216870475548
910;6.360000000000003
911;4.179999999999999
912;6.54
913;67.55171379043794
914;33.18482475116429
915;1.08
916;18.285631118829382
917;13.450000000000014
918;6.882752174081914
919;6.637454330422918
920;2.0670617994055824
921;10.9688661526061
922;10.989999999999998
923;40.009177217709876
924;6.130000000000002
925;3.19
926;329.4939569384322
927;6.6225268620808375
928;3.9400000000000004
929;16.34327450699225
930;2.7701127919143875
931;3.3638985151153595
932;4.699999999999999
933;1.6748272631817973
934;2.3427593470598187
935;2.005150715910252
936;63.33977884320774
937;17.909334991277223
938;4.745447941750957
939;2.8299999999999996
940;10.56272266055316
941;18.853092708203295
942;23.709999999999997
943;14.860000000000001
944;6.223508000787435
945;75.47
946;9.732453033414798
947;6.360000000000003
948;13.953408898240802
949;21.64025486455603
950;9.353534015242095
951;4.778254328493937
952;46.25691356959096
953;10.989999999999998
954;43.65702992818613
955;1.8197532253341584
956;40.63810626178322
957;14.491734975577941
958;27.500000000000004
959;13.116641374792565
960;57.20455254209626
961;7.123792443052361
962;20.269999999999985
963;14.860000000000001
964;7.010753710467275
965;73.4597406615261
966;17.567459306119652
967;18.63
968;26.84963979255693
969;29.12408235855152
970;7.82057591784502
971;14.2
972;7.115097088473061
973;28.440000000000012
974;6.187768211466353
975;22.185643707848936
976;4.396179879332651
977;8.909416969658198
978;3.9290001828773646
979;4.204908607563143
980;3.756277877941523
981;7.259791550301267
982;2.3210526509454583
983;4.72898644678657
984;17.917600208530008
985;9.631985206072052
986;41.753179872756526
987;11.074143916168968
988;10.604934964017087
989;1.4553293072822338
990;7.0486350479819455
991;6.433794856232274
992;36.14595365156922
993;12.77023786546654
994;8.52619283890867
995;2.1186889383023018
996;5.449999999999999
997;21.730000000000008
998;5.348169495191732
999;26.430000000000007
1000;3.0771413202827
1001;1.5849606188972172
1002;18.3132702121758
1003;188.9073191311804
1004;2.271570068425335
1005;2.0588458760697375
1006;7.490639198482057
1007;1.5496162431038705
1008;1.9114439050623595
1009;8.116984916372068
1010;12.444031977692852
1011;2.441413134616538
1012;2.0927347176623545
1013;1.9814383249673848
1014;24.865324719787402
1015;22.37767731117746
1016;17.988469563085708
1017;25.56832260079792
1018;6.00843807793665
1019;19.958935639508372
1020;6.626335387829026
1021;2.93286273847275
1022;5.278068683145624
1023;4.74
1024;40.94748796551284
1025;16.03000000000001
1026;2.95180905699396
1027;15.231280744903579
1028;45.69714472371337
1029;5.816332293236321
1030;7.428674933440359
1031;12.47799858585371
1032;8.98970100396084
1033;174.27517592644483
1034;4.72898644678657
1035;1.8830367394328293
1036;8.172102625166556
1037;5.96821998289208
1038;7.4654139725071005
1039;6.002708992287426
1040;12.060418290652322
1041;7.0525216503754695
1042;1.14
1043;4.279659954244558
1044;27.32076390212213
1045;6.360000000000001
1046;2.6070245753982793
1047;6.9700000000000015
1048;25.77244275455324
1049;6.360000000000001
1050;5.105259322018833
1051;18.389279097096946
1052;6.360000000000003
1053;9.84686536600785
1054;3.756277877941523
1055;52.22136550765917
1056;25.849825496255875
1057;30.210000000000008
1058;6.360000000000001
1059;20.86040946927739
1060;9.84686536600785
1061;3.9400000000000004
1062;8.372934871280565
1063;1.778287553828253
1064;1.4620353160740653
1065;3.112869761510076
1066;6.021884451533942
1067;2.59922020128066
1068;3.320995056816995
1069;1.9655619407049547
1070;7.5581417171186756
1071;18.853092708203295
1072;5.278625758104631
1073;5.47
1074;119.2331294294548
1075;1.2509388393933638
1076;6.020569522107132
1077;16.289187563085736
1078;1.7039631384195895
1079;3.817735732176513
1080;10.05287622392542
1081;7.824498771836928
1082;2.7816500606767613
1083;18.63
1084;19.96728044261892
1085;7.676276131039166
1086;18.3132702121758
1087;6.280143975726752
1088;18.866214460678645
1089;6.360000000000003
1090;6.141950076004159
1091;18.630000000000013
1092;42.74040412037296
1093;9.398221016511922
1094;3.590091786694256
1095;9.446927632981199
1096;37.13000000000001
1097;3.253645033255834
1098;5.420853138578522
1099;25.77244275455324
1100;21.963813312050476
1101;22.040000000000003
1102;12.143001213407327
1103;18.866214460678645
1104;35.99401449440135
1105;24.865324719787402
1106;10.024998862927747
1107;2.5161374418255837
1108;52.64511419218687
1109;4.782550314827963
1110;33.49906444297667
1111;2.21
1112;6.815176154063975
1113;7.958617568649526
1114;4.661459255778182
1115;1.52
1116;6.433794856232274
1117;2.288308966033854
1118;1.8799999999999997
1119;1.47
1120;7.19000948799819
1121;26.430000000000007
1122;117.84645879324495
1123;11.000000000000007
1124;43.925241965961376
1125;10.688168443712167
1126;13.567016013147496
1127;16.300000000000004
1128;2.305741915125234
1129;5.346544910889219
1130;7.675478455147677
1131;3.7041047114286942
1132;8.456333495023708
1133;19.958935639508372
1134;3.2928502154758994
1135;1.8799999999999997
1136;3.1454703731914835
1137;1.8399999999999999
1138;5.29
1139;6.65206169944723
1140;16.98713409300892
1141;6.333508935265062
1142;4.639535729688817
1143;1.756645053038098
1144;6.815176154063975
1145;5.6378836501603935
1146;5.3412170451628125
1147;8.172102625166556
1148;9.11699570839455
1149;8.004528227965741
1150;13.037651470495915
1151;4.169122846421569
1152;13.116641374792565
1153;2.281089956337529
1154;18.62999999999999
1155;8.16478597998533
1156;2.3231728106983587
1157;3.817735732176513
1158;10.85115596944224
1159;7.676276131039166
1160;6.77382220515689
1161;19.933490148547065
1162;1.957727235529109
1163;6.360000000000001
1164;14.491734975577941
1165;5.095309716451152
1166;9.446927632981199
1167;52.96837664063901
1168;8.392202285736213
1169;10.88657906730706
1170;85.97427970769884
1171;44.42729926470402
1172;12.180939369117489
1173;4.45405242615347
1174;6.88721689367569
1175;17.917600208530008
1176;8.070049269501627
1177;6.522797810137375
1178;3.7843624051796665
1179;5.3989838538788195
1180;1.8308999268372255
1181;5.03645461655989
1182;17.124915884709036
1183;2.410012217851461
1184;5.952570807719469
1185;2.9499999999999997
1186;7.676276131039166
1187;17.829766992416133
1188;2.70898648773234
1189;29.672742984609364
1190;6.2106088865847235
1191;398.2085538875708
1192;16.513994888218114
1193;2.288308966033854
1194;25.721825678583937
1195;9.255717815460363
1196;13.116641374792565
1197;23.709999999999997
1198;5.264831516024857
1199;6.141181579111321
1200;21.942571418015827
1201;79.76678308068837
1202;134.24434177478412
1203;8.02192587091471
1204;7.705955142269324
1205;12.060000000000004
1206;43.72320230000244
1207;10.735855961718803
1208;5.106774641760331
1209;11.626413070561568
1210;10.56272266055316
1211;4.967049741011958
1212;17.42861106357157
1213;13.094031311248424
1214;1.8399999999999999
1215;17.171633074718955
1216;2.231347125349622
1217;6.3530372990967185
1218;7.805536230626502
1219;5.247553670864307
1220;24.156078072406356
1221;1.9428839286925157
1222;5.397119779034586
1223;5.835474662981519
1224;857.1616998930775
1225;10.53217327405935
1226;12.268303198260021
1227;6.942445674665479
1228;1.9025072898992341
1229;9.498339728857243
1230;4.906665976089205
1231;4.241320464565129
1232;4.292715364804447
1233;17.988469563085708
1234;7.401602836710407
1235;1.42
1236;5.473384262051207
1237;2.144440956354967
1238;13.450000000000014
1239;4.48291892560643
1240;1.08
1241;11.354535897722956
1242;4.9543192870376
1243;3.8211468112513938
1244;10.766598159983284
1245;40.35613339028366
1246;3.7000000000000006
1247;12.18738128318338
1248;19.76000820566769
1249;10.804041957338304
1250;1.7729651644864508
1251;23.709999999999997
1252;6.360000000000003
1253;6.288488016551872
1254;49.0486055868158
1255;3.204706832923954
1256;1.9165751910940494
1257;45.69714472371337
1258;3.4262673073241237
1259;25.77244275455324
1260;4.05863452839052
1261;4.967049741011958
1262;40.7945302129748
1263;8.210693576876439
1264;17.51064229083507
1265;2.993198239720216
1266;3.817735732176513
1267;29.8924946825538
1268;6.726355041741367
1269;119.48189616271816
1270;369.7093647157036
1271;1.2798721269408988
1272;5.891371364849429
1273;4.2527283536207205
1274;5.257485182171357
1275;42.71618778278951
1276;2.8299999999999996
1277;1.9815733623612222
1278;2.3020292534048066
1279;3.8430923642279042
1280;1.08
1281;6.360000000000003
1282;4.481270699919934
1283;7.0895634536922705
1284;6.3999999999999995
1285;4.296572347635219
1286;11.396740761665544
1287;13.116641374792565
1288;16.485963203775288
1289;15.841940282279916
1290;3.0500753868983854
1291;5.910000000000002
1292;8.221460007739418
1293;6.364478493205379
1294;65.55999999999999
1295;3.7041047114286942
1296;1.3668458471478822
1297;6.3530372990967185
1298;18.63
1299;41.174474836418916
1300;5.127914329539049
1301;5.856079587730632
1302;6.141181579111321
1303;14.2
1304;8.85175246482556
1305;4.040000000000001
1306;4.01
1307;10.265670502449684
1308;7.590902229478785
1309;6.093194211654317
1310;1.8814579466437906
1311;14.299999999999999
1312;6.433794856232274
1313;8.456333495023708
1314;7.708499290621661
1315;3.817735732176513
1316;64.7833908621226
1317;3.1775638678166893
1318;8.553773779403619
1319;19.8618008454436
1320;12.49516061337649
1321;2.191763614016756
1322;3.5776424298102483
1323;65.55999999999999
1324;17.050000000000004
1325;29.159302679496683
1326;25.02549542428314
1327;1.08
1328;2.231347125349622
1329;28.440000000000012
1330;7.80948296661633
1331;104.86850049917787
1332;7.723113976743996
1333;21.365064145176856
1334;28.440000000000012
1335;18.71759280405883
1336;2.7931149582996446
1337;8.975803172865067
1338;24.602338977488998
1339;7.9353344889971575
1340;2.8563698193815577
1341;5.348169495191732
1342;32.929510464372406
1343;598.0669712445615
1344;189.70051271209556
1345;13.450000000000014
1346;100.32079934681653
1347;18.866214460678645
1348;12.110000000000007
1349;31.058541161278065
1350;172.20066752207404
1351;28.030994946281144
1352;3.4262673073241237
1353;3.6885082135704543
1354;12.906915897880921
1355;2.5697314409776477
1356;21.834214208721882
1357;20.319544158431817
1358;4.79664762888072
1359;3.888883853887692
1360;21.23925964715995
1361;2.499383121500737
1362;11.904932077549345
1363;17.642952552740994
1364;5.278068683145624
1365;8.13
1366;19.958935639508372
1367;26.84963979255693
1368;7.56760017955887
1369;4.356463614068136
1370;7.342195453806158
1371;2.5222392446058546
1372;25.77244275455324
1373;19.413313465393422
1374;5.910000000000002
1375;3.394051111344665
1376;3.752196858963248
1377;8.07004926950163
1378;3.8211468112513938
1379;3.817735732176513
1380;4.778254328493937
1381;6.00843807793665
1382;12.23875639946034
1383;19.351524045415538
1384;11.385109345536936
1385;7.310832345292643
1386;10.56272266055316
1387;18.444845830873483
1388;19.452279666278123
1389;551.3464322393266
1390;19.11620409405562
1391;8.52619283890867
1392;19.958935639508372
1393;10.117824665120917
1394;17.917600208530008
1395;7.330912397231524
1396;22.120000000000008
1397;7.786118300492584
1398;5.267935694882533
1399;17.853045616787
1400;23.709999999999997
1401;3.0771413202827
1402;12.49516061337649
1403;8.16478597998533
1404;3.601443487762462
1405;7.56760017955887
1406;7.179724403376315
1407;10.56272266055316
1408;4.938114216420645
1409;9.034956869715485
1410;10.893264699968869
1411;34.233671629139145
1412;6.360000000000001
1413;8.456333495023708
1414;7.180204776307969
1415;4.778254328493937
1416;2.597907902000072
1417;6.360000000000001
1418;67.95000000000002
1419;1.9759266622251972
1420;17.918291040379497
1421;17.988469563085708
1422;54.38453239443548
1423;3.19
1424;1.3251788690074697
1425;8.419293776877012
1426;6.62
1427;1.9993548267602326
1428;3.7534263962409122
1429;14.491734975577941
1430;188.9073191311804
1431;172.20066752207404
1432;14.170572098915022
1433;4.370843995350605
1434;29.21000000000001
1435;9.255717815460363
1436;13.347521249506585
1437;28.080125541189204
1438;207.16959025243617
1439;193.58287703377022
1440;3.6443352756877863
1441;3.13
1442;26.84963979255693
1443;6.311692074639184
1444;7.213906630968854
1445;8.456333495023708
1446;7.101908581742996
1447;3.88
1448;4.447299990621631
1449;59.87999999999996
1450;13.856897225159258
1451;16.733461141568494
1452;15.308237256777735
1453;4.820000000000003
1454;6.2500000000000036
1455;7.80948296661633
1456;5.956396588630375
1457;5.358935502271727
1458;3.0771413202827
1459;12.23875639946034
1460;4.01
1461;2.8563698193815577
1462;7.210000000000002
1463;8.519388774932262
1464;4.044103292115013
1465;14.572004252995026
1466;3.5822794782621443
1467;4.01
1468;2.8563698193815577
1469;11.37234217890143
1470;44.42729926470402
1471;4.45405242615347
1472;25.721825678583937
1473;8.13
1474;19.434999268106377
1475;13.037651470495915
1476;6.500224082887733
1477;6.093194211654317
1478;1.9814383249673848
1479;3.394051111344665
1480;6.433794856232274
1481;5.3294019152842
1482;4.72898644678657
1483;6.360000000000003
1484;25.345216037288935
1485;107.17257132363314
1486;1.8399999999999999
1487;34.85059470024854
1488;7.550000000000004
1489;150.9001567817623
1490;9.71189115165249
1491;31.058541161278065
1492;1.97
1493;1.5728448971992446
1494;4.820000000000003
1495;6.65206169944723
1496;10.315446080586074
1497;1.4145978799609258
1498;2.8563698193815577
1499;16.71671231719346
1500;16.65633379594724
1501;118.0719409738896
1502;8.13
1503;6.002708992287426
1504;3.6943062492327563
1505;11.481555308830632
1506;71.79555733093822
1507;7.6725984684230495
1508;7.101908581742996
1509;2.8563698193815577
1510;4.10182169572102
1511;2.6317481857948093
1512;2.0927347176623545
1513;3.8455818807027375
1514;75.13899013358134
1515;3.901168666579516
1516;102.79999999999994
1517;6.637789021287383
1518;11.996027803464605
1519;67.95000000000002
1520;3.756277877941523
1521;7.56760017955887
1522;43.89808651352722
1523;13.037651470495915
1524;11.79180285847212
1525;6.360000000000006
1526;23.709999999999997
1527;7.216359536121626
1528;6.200000000000002
1529;4.570062384842528
1530;3.7255474754092486
1531;48.78197518892314
1532;15.908497833368292
1533;18.131138551731265
1534;347.0978726793454
1535;18.618813469558642
1536;7.676276131039166
1537;2.910000000000001
1538;3.1168484579961273
1539;7.094968222997512
1540;8.456333495023708
1541;6.684714691187481
1542;20.86040946927739
1543;13.450000000000014
1544;4.5410511036466765
1545;1.891470096348422
1546;0.9892814237830089
1547;2.867302124527868
1548;4.973727007333358
1549;14.491734975577941
1550;6.360000000000003
1551;1.5810401838311945
1552;1.3232414868697429
1553;12.940446731124053
1554;7.80948296661633
1555;2.56
1556;25.6136890017532
1557;2.0409469122099018
1558;8.651713337284926
1559;22.663349967245253
1560;10.05287622392542
1561;5.267935694882533
1562;48.6016903099642
1563;2.1581609566143007
1564;9.248687627592346
1565;6.308601261400234
1566;4.778254328493937
1567;10.129999999999994
1568;17.54830224549399
1569;10.56272266055316
1570;21.719623994143348
1571;18.444845830873483
1572;21.730000000000008
1573;3.4475218109488774
1574;5.044563083062348
1575;4.45405242615347
1576;7.896262554235526
1577;4.497361616022285
1578;6.24
1579;5.18449201458309
1580;2.244095389024881
1581;396.9948296783869
1582;4.45405242615347
1583;5.135186456875098
1584;16.529054767850944
1585;13.009184190238601
1586;171.9041323818823
1587;2.0800000000000005
1588;1.5728448971992446
1589;6.77382220515689
1590;106.2612599399942
1591;2.3594464154694332
1592;63.838588731333445
1593;16.126170911197004
1594;37.7873878162186
1595;16.537203063810967
1596;3.615041879121482
1597;1.9499999999999997
1598;1.33
1599;8.13
1600;14.617283375651965
1601;10.265670502449684
1602;6.680112886574529
1603;2.288308966033854
1604;16.03000000000001
1605;109.73041168782004
1606;145.00669590748427
1607;1.7841118822614082
1608;4.778254328493937
1609;20.149999999999995
1610;20.152343049873984
1611;4.967049741011958
1612;8.436606609268976
1613;6.360000000000003
1614;9.255717815460363
1615;5.3186928243053755
1616;11.996027803464605
1617;512.4238082993329
1618;12.77023786546654
1619;4.862844856218183
1620;11.277392215824236
1621;2.1
1622;14.675329389527112
1623;4.778254328493937
1624;18.618813469558642
1625;4.973727007333358
1626;4.779276203122573
1627;6.367500500672099
1628;17.988469563085708
1629;13.67989794170568
1630;6.9700000000000015
1631;15.774717836542237
1632;19.958935639508372
1633;11.948846335192943
1634;2.8563698193815577
1635;2.46317297136955
1636;9.973128560964891
1637;1.4851642806645495
1638;5.2814677013907785
1639;55.14257325159682
1640;6.280143975726752
1641;25.77244275455324
1642;6.2106088865847235
1643;1.52
1644;5.367944987650635
1645;6.280143975726752
1646;4.778254328493937
1647;34.85059470024854
1648;3.817735732176513
1649;32.929510464372406
1650;5.449999999999999
1651;6.360000000000006
1652;4.665414886985698
1653;14.860000000000001
1654;20.269999999999985
1655;5.046313965381453
1656;7.006427429002459
1657;8.41037798064578
1658;2.288308966033854
1659;6.815176154063975
1660;18.62999999999999
1661;3.7843624051796665
1662;5.147689336269136
1663;2.465763235239691
1664;100.26353908242271
1665;12.61777392126337
1666;2.0588458760697375
1667;4.241320464565129
1668;21.62917525867566
1669;6.637454330422918
1670;36.363254196605936
1671;1.2485128303930202
1672;9.370813833820447
1673;8.244899447572347
1674;7.808904257528621
1675;13.906130774335047
1676;16.162426513823203
1677;11.55359416216537
1678;8.48
1679;23.02066157452696
1680;4.117383339128736
1681;11.838286913934807
1682;5.438381848579718
1683;15.199811915904199
1684;13.18
1685;3.6899999999999986
1686;7.673260400063463
1687;2.4206519445336614
1688;187.776337892451
1689;6.00843807793665
1690;10.05287622392542
1691;12.180939369117489
1692;7.919476407897534
1693;6.839719816474684
1694;2.5161374418255837
1695;4.72898644678657
1696;42.74040412037296
1697;4.2158129804626165
1698;7.777265478994556
1699;2.5408297969239237
1700;2.422505136473492
1701;10.05287622392542
1702;39.22999999999999
1703;2.069613949474544
1704;16.529054767850944
1705;23.33406432659558
1706;5.658058007931131
1707;2.7516657937898112
1708;2.2744044342625602
1709;4.065287083029194
1710;3.7445068470008454
1711;3.620277563904804
1712;48.84884560989483
1713;6.685755903539885
1714;4.820000000000003
1715;79.64037374069343
1716;20.88999999999999
1717;7.490639198482057
1718;9.677153511534177
1719;18.3132702121758
1720;9.11699570839455
1721;4.72898644678657
1722;22.108154874901544
1723;9.446927632981199
1724;172.20066752207404
1725;4.975856293513611
1726;7.0486350479819455
1727;19.728503007939114
1728;167.2037376181182
1729;6.360000000000006
1730;18.1621864288335
1731;6.567061942952592
1732;1.4976483144384893
1733;25.56832260079792
1734;4.5410511036466765
1735;37.174887738931496
1736;2.822504887648894
1737;8.98970100396084
1738;12.060000000000004
1739;18.350697792410916
1740;8.861049197876632
1741;16.756042136192406
1742;5.463649326411386
1743;2.8563698193815577
1744;8.16478597998533
1745;2.93286273847275
1746;5.388839381283252
1747;6.360000000000003
1748;13.732730741402097
1749;1.7637187301138981
1750;18.013639703850156
1751;5.0265203829268446
1752;28.080125541189204
1753;7.661136729419564
1754;25.721825678583937
1755;25.071082741041476
1756;9.446927632981199
1757;18.630000000000013
1758;2.053343243555146
1759;16.537203063810967
1760;6.500224082887733
1761;3.88
1762;29.72275435976483
1763;17.952192449196914
1764;2.0927347176623545
1765;3.8180265167384717
1766;10.85115596944224
1767;13.943741968294768
1768;30.278276453317186
1769;4.46
1770;3.4529014036426764
1771;17.642952552740994
1772;4.72898644678657
1773;8.607686688720268
1774;4.065287083029194
1775;2.0129063264268527
1776;7.094612900085328
1777;3.0873040793957682
1778;4.72898644678657
1779;67.83074735449269
1780;7.512106859763935
1781;21.730000000000008
1782;96.29444606910812
1783;20.612088759233142
1784;13.943741968294768
1785;9.677153511534177
1786;11.891616709290105
1787;15.990327042871613
1788;45.69714472371337
1789;13.30565671777305
1790;18.95303041701108
1791;1.7485727667824233
1792;9.62
1793;6.093194211654317
1794;18.866214460678645
1795;43.925241965961376
1796;8.200716009096311
1797;21.963813312050476
1798;2.8563698193815577
1799;8.089833090851366
1800;5.348169495191732
1801;7.705955142269324
1802;33.242614290059215
1803;31.480000000000018
1804;1.9715450975883386
1805;65.55999999999999
1806;2.9499999999999997
1807;12.23875639946034
1808;17.57690286874807
1809;5.62744244186053
1810;3.4899999999999993
1811;6.685755903539885
1812;2.231347125349622
1813;365.831420902433
1814;4.5410511036466765
1815;2.144440956354967
1816;8.172102625166556
1817;68.0122425027966
1818;33.242614290059215
1819;32.56230242824942
1820;2.7516657937898112
1821;6.360000000000001
1822;16.34228290196077
1823;16.929999999999996
1824;3.756126763101267
1825;139.24431711717958
1826;2.29523054893723
1827;2.7442704619514857
1828;18.263444167099376
1829;6.637454330422918
1830;1.42
1831;23.025535541537206
1832;1.4620353160740653
1833;3.817735732176513
1834;3.817735732176513
1835;1.8999999999999997
1836;10.842957002921302
1837;9.422034501853052
1838;2.391425388856009
1839;115.71623816647195
1840;3.394051111344665
1841;6.280143975726752
1842;23.709999999999997
1843;53.260815046025705
1844;6.280143975726752
1845;5.47
1846;2.0927347176623545
1847;6.88721689367569
1848;16.513994888218114
1849;1.6850751450724757
1850;2.671452794203025
1851;48.78197518892314
1852;25.77244275455324
1853;17.985358917086156
1854;7.777265478994556
1855;13.411209505122805
1856;5.2814677013907785
1857;6.680112886574529
1858;2.410012217851461
1859;17.985024645134754
1860;4.061271817368567
1861;235.57275582197113
1862;11.024772178094716
1863;4.45405242615347
1864;3.099503519433904
1865;23.025535541537206
1866;9.11699570839455
1867;14.2
1868;13.037651470495915
1869;44.54973509541484
1870;13.037651470495915
1871;14.491734975577941
1872;7.497774978257638
1873;36.14595365156922
1874;1.7780773146395437
1875;18.431868883117158
1876;18.58041019955717
1877;22.594371392468375
1878;20.277559958231418
1879;72.2722885692366
1880;3.052620315629814
1881;15.209121295609997
1882;3.1494126629602346
1883;3.4391500570649294
1884;2.9805822701634765
1885;246.68312405267258
1886;8.070049269501627
1887;1.8385632871580027
1888;3.0134267732231255
1889;4.164829807847995
1890;6.912288155354826
1891;7.708499290621661
1892;60.36326089667252
1893;593.6624408575393
1894;17.857444342642168
1895;6.00843807793665
1896;6.141950076004159
1897;7.420182997646598
1898;1.4473196893716318
1899;88.39567763870768
1900;6.2500000000000036
1901;9.71189115165249
1902;18.389279097096946
1903;16.529054767850944
1904;21.389999999999986
1905;14.860000000000001
1906;32.929510464372406
1907;4.157507683641318
1908;40.64675581597748
1909;3.8455818807027375
1910;10.320702005984815
1911;114.32924656930903
1912;18.46052667908724
1913;2.9245791921647295
1914;3.789484988430738
1915;6.433794856232274
1916;7.310832345292643
1917;21.791051742894687
1918;23.134613190795427
1919;22.08694469133354
1920;6.295071842180557
1921;34.41005126738872
1922;27.500000000000004
1923;21.389999999999986
1924;6.130000000000002
1925;5.956396588630375
1926;5.106774641760331
1927;6.280143975726752
1928;8.200716009096311
1929;18.63
1930;47.4941372878609
1931;149.95000000000007
1932;2.13
1933;7.636357676505706
1934;17.782342009145278
1935;20.87203222284442
1936;2.7147431210403106
1937;1.5159799194402712
1938;1.5496162431038705
1939;9.062772120847436
1940;9.446927632981199
1941;31.13637461276931
1942;27.500000000000004
1943;11.79180285847212
1944;18.431868883117158
1945;5.4274331223689325
1946;4.72898644678657
1947;11.14297639000187
1948;7.77374845735771
1949;3.0126564352153595
1950;3.817735732176513
1951;12.919999999999995
1952;175.01013566756174
1953;10.745756482804754
1954;21.654362244988732
1955;9.21142474213117
1956;1.08
1957;6.318513943398404
1958;1.9428839286925157
1959;11.171154019089078
1960;3.7255474754092486
1961;7.710000000000004
1962;126.0599999999999
1963;5.669298855800931
1964;4.633683797625862
1965;1.9329381943612445
1966;195.46612000637924
1967;3.19
1968;32.52220256959279
1969;6.469359705996591
1970;3.276113749203872
1971;28.080125541189204
1972;200.52446649504503
1973;1.2509388393933638
1974;109.73041168782004
1975;18.09128894028817
1976;25.096085077255847
1977;22.03076962039697
1978;18.444845830873483
1979;7.403360879218393
1980;1.5728448971992446
1981;6.093194211654317
1982;2.288308966033854
1983;6.7288824943737415
1984;6.7032698083569064
1985;7.675478455147677
1986;2.395472293726363
1987;21.49640968579135
1988;2.791550229864839
1989;3.55363371529203
1990;7.468302755079622
1991;3.5501851323008675
1992;4.973727007333358
1993;3.756277877941523
1994;43.925241965961376
1995;3.60764139166283
1996;2.2399999999999998
1997;17.940087971249135
1998;7.723113976743996
1999;7.598393339990608
2000;10.421366672599763
2001;17.642952552740994
2002;6.250000000000001
2003;5.816332293236321
2004;11.79180285847212
2005;3.7879400075800977
2006;2.2652057467883173
2007;14.299999999999999
2008;11.135104815534042
2009;153.8118409203895
2010;4.778254328493937
2011;14.860000000000001
2012;339.0036302281281
2013;32.56230242824942
2014;40.7945302129748
2015;12.180237235697275
2016;6.815176154063975
2017;3.7762561330415707
2018;29.8924946825538
2019;9.677252114154296
2020;3.817735732176513
2021;38.948870701553844
2022;4.480341922822405
2023;30.210000000000008
2024;18.618813469558642
2025;11.46486566447195
2026;38.85000000000002
2027;4.72898644678657
2028;38.23206387438518
2029;15.319999999999999
2030;10.46581553756393
2031;62.139999999999915
2032;10.421366672599763
2033;20.269999999999985
2034;6.130000000000002
2035;2.786514243464673
2036;6.2500000000000036
2037;5.54372824459606
2038;7.550000000000004
2039;6.308601261400234
2040;1.4620353160740653
2041;3.0998303745668645
2042;21.719623994143348
2043;12.49516061337649
2044;10.989999999999998
2045;4.169915724525891
2046;35.108341444543235
2047;4.778254328493937
2048;8.070049269501627
2049;1.08
2050;29.8924946825538
2051;4.570062384842528
2052;2.2146180361799273
2053;45.60039619356989
2054;1.6806552549672973
2055;7.676276131039166
2056;2.910000000000001
2057;1.8799999999999997
2058;146.29272805403517
2059;11.79180285847212
2060;40.64675581597748
2061;15.319999999999999
2062;7.777265478994556
2063;5.692832094445981
2064;4.10182169572102
2065;17.988469563085708
2066;19.264467191097992
2067;21.963813312050476
2068;9.446927632981199
2069;11.79180285847212
2070;14.491734975577941
2071;14.491734975577941
2072;18.479431691363413
2073;29.450000000000014
2074;76.81859932443625
2075;5.55
2076;6.00843807793665
2077;4.434022540730806
2078;7.783529833512446
2079;3.88
2080;36.14595365156922
2081;8.139999999999997
2082;2.4514565344030594
2083;14.491734975577941
2084;3.80883616033804
2085;8.45512002673675
2086;31.754663831321626
2087;6.433794856232274
2088;18.63
2089;14.491734975577941
2090;3.2210648496583216
2091;7.630703190932608
2092;6.433794856232274
2093;11.871685841825967
2094;6.360000000000003
2095;8.919999999999998
2096;32.56230242824942
2097;3.112869761510076
2098;3.620419986605345
2099;31.639917479997454
2100;13.408511386295755
2101;9.480805035817337
2102;4.16841994901939
2103;2.899527566254098
2104;3.4715271561273426
2105;5.608862989807154
2106;33.242614290059215
2107;4.667087152513168
2108;77.44342984620886
2109;27.73671133016693
2110;5.103140912163023
2111;4.57
2112;4.065287083029194
2113;16.164422412505555
2114;14.299999999999999
2115;1.8653077189036718
2116;1.72
2117;98.93378225928072
2118;6.680112886574529
2119;4.46
2120;44.23795495577067
2121;18.866214460678645
2122;1.0630164490667604
2123;6.433794856232274
2124;3.3539999293519287
2125;3.320995056816995
2126;4.356463614068136
2127;4.911800911648839
2128;24.442851914412135
2129;3.4439919958632594
2130;3.3539999293519287
2131;6.77382220515689
2132;13.344455005396767
2133;226.2746049121888
2134;5.360762781296704
2135;3.951548280076168
2136;13.27367475798745
2137;23.709999999999997
2138;5.397119779034586
2139;2.808957838770262
2140;6.7032698083569064
2141;2.8015882795379543
2142;6.00843807793665
2143;48.67332686647425
2144;8.350000000000003
2145;1.8799999999999997
2146;150.9001567817623
2147;5.388017757168097
2148;3.1691726112507848
2149;1.9064228773468477
2150;8.004528227965741
2151;7.547809256010312
2152;6.815176154063975
2153;5.47
2154;3.752196858963248
2155;43.03999999999999
2156;1.66
2157;69.86265914904926
2158;4.356463614068136
2159;3.817735732176513
2160;3.7041047114286942
2161;75.47
2162;6.567061942952592
2163;8.46605492436246
2164;3.7699999999999996
2165;7.935216035516756
2166;18.099671001288215
2167;20.149999999999995
2168;9.446927632981199
2169;65.55999999999999
2170;109.78984782065606
2171;6.88721689367569
2172;6.356898132089209
2173;13.58925071814538
2174;5.946517604940964
2175;23.709999999999997
2176;2.8563698193815577
2177;7.090921853172311
2178;2.191763614016756
2179;36.54796127252625
2180;21.365064145176856
2181;4.431188667310187
2182;4.326783103144428
2183;12.120221568566283
2184;29.8924946825538
2185;3.656650266051786
2186;8.116984916372068
2187;7.676925450896338
2188;26.142555553286755
2189;3.197930114789784
2190;13.953408898240802
2191;5.55
2192;1.33
2193;20.784506039658915
2194;139.5502166798447
2195;71.05403407124642
2196;2.374796606245921
2197;4.223801373504755
2198;8.485327698028755
2199;82.63118200767255
2200;20.86040946927739
2201;6.815176154063975
2202;27.609155408824865
2203;12.877361062853796
2204;7.428674933440359
2205;4.45405242615347
2206;3.817735732176513
2207;4.45405242615347
2208;4.447299990621631
2209;8.268357966810516
2210;2.005150715910252
2211;3.817735732176513
2212;7.705955142269324
2213;6.360000000000003
2214;4.74
2215;18.68372191348446
2216;24.6994665492178
2217;14.860000000000001
2218;17.988469563085708
2219;4.643003488286279
2220;5.473384262051207
2221;3.817735732176513
2222;4.778254328493937
2223;4.882106366810781
2224;2.8563698193815577
2225;8.202423803697997
2226;4.667910638531608
2227;6.815176154063975
2228;2.3517198239680592
2229;6.360000000000001
2230;23.74522337336813
2231;23.320203304926103
2232;27.500000000000004
2233;3.817735732176513
2234;4.9172025344696015
2235;5.698006245916417
2236;12.002315176638488
2237;5.749125661151271
2238;7.4654139725071005
2239;17.268598447698274
2240;207.24017713559988
2241;18.3132702121758
2242;2.288308966033854
2243;40.7945302129748
2244;155.96604316782162
2245;8.13
2246;4.778254328493937
2247;2.9299185641517194
2248;6.360000000000003
2249;49.2584375797723
2250;16.17984139785648
2251;8.07004926950163
2252;7.4654139725071005
2253;10.176046605663352
2254;3.7869235021540617
2255;4.279659954244558
2256;1.9167894114559416
2257;6.3999999999999995
2258;18.09128894028817
2259;180.83399217625472
2260;18.372054633209324
2261;3.4899999999999993
2262;4.157507683641318
2263;3.7062896323573313
2264;52.60694701927008
2265;11.891616709290105
2266;38.85000000000002
2267;18.866214460678645
2268;2.4211754859157852
2269;6.360000000000006
2270;7.824498771836928
2271;5.905923793014434
2272;17.642952552740994
2273;18.368454014553567
2274;6.280143975726752
2275;22.040000000000003
2276;1.3251788690074697
2277;6.503628071864173
2278;17.642952552740994
2279;7.504155264228584
2280;1.5849606188972172
2281;3.817735732176513
2282;4.179999999999999
2283;3.817735732176513
2284;12.18738128318338
2285;18.63
2286;30.210000000000008
2287;18.866214460678645
2288;1.3668458471478822
2289;28.080125541189204
2290;4.72898644678657
2291;3.817735732176513
2292;34.41005126738872
2293;6.637789021287383
2294;2.8563698193815577
2295;3.2184523589252234
2296;1.410720664154298
2297;29.450000000000014
2298;33.62253714054133
2299;21.136974540992533
2300;18.63
2301;11.385532669608226
2302;37.789289807047226
2303;4.150000000000001
2304;2.076805447137899
2305;2.623474441847001
2306;10.842957002921302
2307;11.55359416216537
2308;22.266632547288317
2309;15.851874111859926
2310;1.9399999999999997
2311;19.29979493017006
2312;1.4620353160740653
2313;2.8563698193815577
2314;19.958935639508372
2315;32.99585334291008
2316;12.18738128318338
2317;6.491581958928535
2318;13.607788194115393
2319;63.9712246603369
2320;13.196930438426321
2321;17.988469563085708
2322;13.58925071814538
2323;4.223801373504755
2324;4.850863546942566
2325;25.849825496255875
2326;226.2746049121888
2327;14.360066274890835
2328;18.853092708203295
2329;17.988469563085708
2330;22.594371392468375
2331;1.46
2332;5.84225122385496
2333;4.431188667310187
2334;18.3132702121758
2335;5.3479288259684274
2336;8.122478774917013
2337;13.450000000000014
2338;4.967049741011958
2339;1.7485727667824233
2340;6.815176154063975
2341;2.0253340388315206
2342;7.626126273446775
2343;24.725698266783173
2344;6.360000000000006
2345;2.235104700112877
2346;2.4607101774722624
2347;2.3092462274549987
2348;1.42
2349;4.808279263225648
2350;34.23000000000003
2351;6.218399560439223
2352;10.421366672599763
2353;17.01927045578177
2354;5.956396588630375
2355;722.8644574617231
2356;22.040000000000003
2357;65.55999999999999
2358;299.52491824036855
2359;23.709999999999997
2360;3.1029736916604227
2361;41.39590490627107
2362;14.170572098915022
2363;4.370843995350605
2364;7.706734261608794
2365;38.85000000000002
2366;2.288308966033854
2367;4.778254328493937
2368;2.094158312864392
2369;12.444031977692852
2370;15.67711140915407
2371;340.2777842673072
2372;1.764397050560905
2373;18.866214460678645
2374;4.882014593343887
2375;23.709999999999997
2376;29.8924946825538
2377;9.11699570839455
2378;5.268621167729135
2379;17.988469563085708
2380;4.565138060203298
2381;12.002315176638488
2382;10.05287622392542
2383;7.904808812922203
2384;10.22104406757908
2385;2.8561164952698395
2386;28.641916387829063
2387;873.9126951278469
2388;4.218587811697633
2389;3.479518388064649
2390;3.926371077688038
2391;18.65370014987584
2392;4.72898644678657
2393;2.577090977637466
2394;2.9499999999999997
2395;1.8928409409047262
2396;6.360000000000006
2397;2.1626202453601606
2398;70.15207741154283
2399;5.9227346545221975
2400;13.450000000000014
2401;5.9
2402;4.970000000000001
2403;8.98970100396084
2404;71.80567571924648
2405;3.7445068470008454
2406;108.37626852780495
2407;6.355675617969646
2408;2.31
2409;4.72898644678657
2410;7.0525216503754695
2411;6.726355041741367
2412;4.72898644678657
2413;3.49
2414;25.167678869728988
2415;6.3999999999999995
2416;18.97050481211733
2417;41.47100887016258
2418;127.82693769311696
2419;4.241320464565129
2420;6.594539828850713
2421;1.59
2422;1.3565362608064477
2423;123.8108094342223
2424;10.771736892012509
2425;3.7843624051796665
2426;7.064314544295408
2427;6.360000000000001
2428;7.9353344889971575
2429;39.21154200424563
2430;3.9400000000000004
2431;1.33
2432;6.3530372990967185
2433;9.020783045781654
2434;7.958617568649526
2435;3.789484988430738
2436;26.09999999999998
2437;8.16478597998533
2438;2.709353209051958
2439;18.630000000000013
2440;5.542526784469412
2441;5.370366101879494
2442;2.039037021548956
2443;10.024998862927747
2444;3.0771413202827
2445;59.998356191522944
2446;10.56272266055316
2447;20.09835014977444
2448;35.03673307756424
2449;6.02
2450;13.116641374792565
2451;6.141950076004159
2452;1.8653077189036718
2453;5.919999999999999
2454;8.52619283890867
2455;71.97394041706244
2456;12.060000000000004
2457;10.5197590118233
2458;13.181077714771968
2459;1.6868865676412272
2460;6.433794856232274
2461;6.002708992287426
2462;310.9085180495033
2463;7.289351086090827
2464;2.93286273847275
2465;4.647475860765403
2466;40.23637223742844
2467;11.714540950462494
2468;7.710000000000004
2469;67.95000000000002
2470;2.5589111616996285
2471;7.4648406099544795
2472;7.0895634536922705
2473;5.002374043207646
2474;48.67332686647425
2475;3.817735732176513
2476;3.394051111344665
2477;2.603927214577996
2478;24.207744408898726
2479;3.8041477091522924
2480;3.817735732176513
2481;7.428674933440359
2482;27.406779160312162
2483;5.417730116614083
2484;25.77244275455324
2485;37.0236799320243
2486;9.386723379417178
2487;25.849825496255875
2488;10.622325483576784
2489;1.08
2490;6.54
2491;97.7372736911068
2492;30.19980645853143
2493;41.569875156441626
2494;8.202423803697997
2495;18.866214460678645
2496;3.155498385571787
2497;1.1545760664388038
2498;4.356463614068136
2499;7.777265478994556
2500;2.0927347176623545
2501;2.6342377685218774
2502;14.299999999999999
2503;3.278904740204011
2504;25.359331022526344
2505;16.046974317364754
2506;6.280143975726752
2507;13.037651470495915
2508;13.987943504209305
2509;18.630000000000013
2510;23.709999999999997
2511;2.1075719826545294
2512;6.3379666620952335
2513;12.77023786546654
2514;6.815176154063975
2515;4.792004683892058
2516;40.7945302129748
2517;3.2233340134717943
2518;17.988469563085708
2519;49.0486055868158
2520;18.853092708203295
2521;4.883103373769779
2522;1.8799999999999997
2523;4.341399803979296
2524;11.021616838135234
2525;22.00216368756006
2526;3.6122493723826734
2527;9.677153511534177
2528;2.791550229864839
2529;25.721825678583937
2530;4.72898644678657
2531;147.57520971245123
2532;4.973727007333358
2533;26.40373775588753
2534;14.299999999999999
2535;13.037651470495915
2536;2.361227674711554
2537;7.4654139725071005
2538;3.5893032883539653
2539;65.74783337519727
2540;17.31318775593368
2541;17.988469563085708
2542;60.24765982960491
2543;14.860000000000001
2544;17.988469563085708
2545;4.061271817368567
2546;14.491734975577941
2547;5.357212206704755
2548;1.6850751450724757
2549;68.38477878810026
2550;26.522366791056285
2551;5.264831516024857
2552;10.794819630335713
2553;5.859147529919202
2554;139.5502166798447
2555;1.8799999999999997
2556;17.988469563085708
2557;6.200000000000002
2558;57.5794427737498
2559;2.7816500606767613
2560;7.626126273446775
2561;155.9536609565474
2562;3.7255474754092486
2563;29.69179576384525
2564;3.89250467051342
2565;11.140000000000004
2566;3.251331172197178
2567;2.231347125349622
2568;17.917600208530008
2569;3.9608124678247347
2570;1.9208452379002101
2571;2.701021764359875
2572;3.817735732176513
2573;4.434022540730806
2574;5.184744643035744
2575;7.777265478994556
2576;7.310832345292643
2577;4.040000000000001
2578;1.6900000000000002
2579;4.148155603430347
2580;2.260465473530281
2581;17.988469563085708
2582;15.646421447459794
2583;686.5310872077551
2584;12.77023786546654
2585;6.00843807793665
2586;6.77382220515689
2587;4.45405242615347
2588;2.6335048248467903
2589;1.6850751450724757
2590;6.726355041741367
2591;34.33375003026389
2592;26.84963979255693
2593;29.72275435976483
2594;4.567070539521914
2595;3.6885082135704543
2596;5.55
2597;4.307194546368217
2598;6.73054208396479
2599;3.817735732176513
2600;200.52446649504503
2601;4.699999999999999
2602;9.906949223891997
2603;10.689263881454739
2604;21.20000000000001
2605;12.333959374059347
2606;46.7104603082981
2607;8.98970100396084
2608;12.165923057373378
2609;8.500560445786803
2610;25.768348077557985
2611;20.269999999999985
2612;6.3530372990967185
2613;530.2471314756984
2614;10.320702005984815
2615;5.574640074169435
2616;25.77244275455324
2617;4.574348234919698
2618;8.392202285736213
2619;7.090921853172311
2620;4.712766447310657
2621;7.468302755079622
2622;2.68363634282165
2623;23.709999999999997
2624;3.817735732176513
2625;2.993198239720216
2626;2.93286273847275
2627;53.70688106624602
2628;12.609887570669501
2629;4.5410511036466765
2630;8.973079802967927
2631;6.54
2632;17.25938340919637
2633;49.2584375797723
2634;18.586896583429645
2635;2.02507292306026
2636;14.491734975577941
2637;8.070049269501627
2638;8.13
2639;4.241320464565129
2640;59.49403365856396
2641;1.439805906417633
2642;12.622946137219854
2643;20.092113002358463
2644;3.320995056816995
2645;11.315624423794882
2646;18.630000000000013
2647;10.48949274179159
2648;7.916131735336541
2649;1.8799999999999997
2650;9.139098756850274
2651;42.7627264708123
2652;3.1276780697626783
2653;3.036053736302251
2654;12.444031977692852
2655;4.301308709109975
2656;9.71189115165249
2657;2.6585718378977976
2658;6.419509174480462
2659;14.528851464007396
2660;18.610750349856517
2661;4.778254328493937
2662;1.8799999999999997
2663;19.958935639508372
2664;19.212379676653086
2665;1.5849606188972172
2666;2.0927347176623545
2667;24.881625457893232
2668;9.534808711792415
2669;55.2156806256093
2670;4.9543192870376
2671;159.55752385760331
2672;5.301955774276771
2673;3.2986514427959226
2674;1.5728448971992446
2675;53.079223109322704
2676;4.179999999999999
2677;6.986673534911289
2678;4.967049741011958
2679;1.5744237542841872
2680;3.394051111344665
2681;5.178844953199967
2682;1.9428839286925157
2683;7.550000000000004
2684;19.22649460724125
2685;99.88476656523245
2686;6.200000000000002
2687;10.421366672599763
2688;2.8563698193815577
2689;4.565138060203298
2690;19.702933462359113
2691;5.5302540465254575
2692;1.9328137200251876
2693;7.064314544295408
2694;25.768348077557985
2695;3.752196858963248
2696;7.468302755079622
2697;18.389279097096946
2698;26.142555553286755
2699;7.550000000000004
2700;3.516361449131994
2701;20.036228293196476
2702;6.00843807793665
2703;4.154464815653102
2704;33.320738889205266
2705;4.2527283536207205
2706;18.51538103231848
2707;2.041737009252435
2708;18.674672939932844
2709;8.13
2710;3.7062896323573313
2711;13.953408898240802
2712;2.8563698193815577
2713;6.2500000000000036
2714;4.57
2715;6.541844729388308
2716;102.79999999999994
2717;23.709999999999997
2718;5.595442541284318
2719;17.642952552740994
2720;81.44836544517617
2721;12.41358034465581
2722;69.49657043691626
2723;6.00843807793665
2724;18.3161014314743
2725;85.94518634258077
2726;2.9805822701634765
2727;5.948533632625789
2728;1.7637187301138981
2729;6.356898132089209
2730;5.095309716451152
2731;163.22715391519912
2732;3.7134309138136734
2733;12.425068882347071
2734;2.8563698193815577
2735;152.49775468306035
2736;26.522366791056285
2737;4.781768020371898
2738;2.524888248733633
2739;7.00539211397102
2740;9.677153511534177
2741;3.6070338830379995
2742;1.410720664154298
2743;18.431868883117158
2744;17.642952552740994
2745;20.88999999999999
2746;4.279659954244558
2747;4.562890617237082
2748;2.4967405580785758
2749;7.512106859763935
2750;43.348834544051826
2751;162.94146002680978
2752;7.0525216503754695
2753;55.2156806256093
2754;6.2500000000000036
2755;3.8430923642279042
2756;4.5410511036466765
2757;5.749125661151271
2758;5.9794924285196975
2759;2.3507355158124645
2760;1.9114439050623595
2761;29.8924946825538
2762;9.11699570839455
2763;1.7254954364419997
2764;3.817735732176513
2765;8.694779339636378
2766;23.025535541537206
2767;8.720336466975688
2768;327.40664659476965
2769;1.764397050560905
2770;10.462293244774465
2771;6.367500500672099
2772;9.291965120279556
2773;3.478482192968944
2774;13.51069265338236
2775;9.518732777647406
2776;5.7113677081961445
2777;17.84085523579238
2778;6.815176154063975
2779;8.436606609268976
2780;8.911536535627032
2781;7.310832345292643
2782;1.6900000000000002
2783;18.55305745394481
2784;6.223508000787435
2785;2.2168246984180358
2786;20.09835014977444
2787;14.314262873891886
2788;3.9400000000000004
2789;5.956396588630375
2790;3.6346097658800476
2791;2.8679439859462406
2792;5.315422115108576
2793;3.0725219872292615
2794;27.609155408824865
2795;4.356463614068136
2796;5.106774641760331
2797;3.7157546800734096
2798;32.929510464372406
2799;7.573449913378363
2800;3.0126564352153595
2801;5.3294019152842
2802;8.456333495023708
2803;4.45405242615347
2804;2.231347125349622
2805;155.9536609565474
2806;2.3020292534048066
2807;1.5810401838311945
2808;9.11699570839455
2809;8.240636513216343
2810;21.407112452989175
2811;25.56832260079792
2812;61.317725492147986
2813;40.38276830654546
2814;6.3530372990967185
2815;7.916131735336541
2816;23.025535541537206
2817;7.274023034688686
2818;10.56272266055316
2819;18.459238042435693
2820;8.76278842992512
2821;2.235104700112877
2822;32.950256794915134
2823;1.4931642345517484
2824;3.226490485108135
2825;5.82372899576528
2826;39.461602483416904
2827;1.7637187301138981
2828;18.389279097096946
2829;2.5585885992098767
2830;2.0800000000000005
2831;4.166875511190945
2832;1.46
2833;7.824498771836928
2834;51.31763889823489
2835;4.973727007333358
2836;45.69714472371337
2837;1.3230295081918542
2838;34.849999999999994
2839;2.1139084388040907
2840;3.083173239107961
2841;3.083173239107961
2842;139.5502166798447
2843;5.6778024107387735
2844;17.18120107886328
2845;12.394152552969254
2846;8.519388774932262
2847;66.29747300066514
2848;18.389279097096946
2849;2.284901401082628
2850;65.55999999999999
2851;7.501855401501321
2852;246.68312405267258
2853;1.8509491885707066
2854;11.891616709290105
2855;10.56272266055316
2856;4.329765958077098
2857;6.62
2858;20.86040946927739
2859;4.01
2860;34.41005126738872
2861;538.5806492662443
2862;5.749125661151271
2863;1.9428839286925157
2864;4.57
2865;4.72898644678657
2866;4.996371007338427
2867;29.450000000000014
2868;20.784506039658915
2869;9.48175848866726
2870;8.787290298708083
2871;25.02549542428314
2872;14.299999999999999
2873;35.374052135456644
2874;10.771736892012509
2875;1.9655619407049547
2876;23.632080691245392
2877;113.15403829100867
2878;48.30104845189399
2879;6.2106088865847235
2880;2.8563698193815577
2881;2.288308966033854
2882;5.388839381283252
2883;50.995816299298525
2884;67.85656679242453
2885;4.453792954873489
2886;4.065287083029194
2887;28.576146363269014
2888;5.257485182171357
2889;5.55
2890;48.87969877212479
2891;14.291917061776921
2892;34.85059470024854
2893;6.360000000000001
2894;8.413479245289238
2895;17.642952552740994
2896;1.08
2897;38.40014225220126
2898;1.08
2899;4.973727007333358
2900;520.9017983525816
2901;1.5744237542841872
2902;36.64153654344233
2903;26.09999999999998
2904;51.10974508703977
2905;17.615777231183095
2906;8.004528227965741
2907;8.932394194308575
2908;6.498569537387852
2909;12.77023786546654
2910;27.455515393080653
2911;8.882702826675077
2912;4.164831673776118
2913;4.037791622541648
2914;4.356463614068136
2915;8.924947720606745
2916;5.96821998289208
2917;24.207744408898726
2918;36.62569724431516
2919;4.164831673776118
2920;23.320203304926103
2921;3.9807245027555984
2922;1.410720664154298
2923;2.8563698193815577
2924;67.58820662383349
2925;1.7637187301138981
2926;15.690243496292672
2927;4.72898644678657
2928;7.115097088473061
2929;10.084155470617759
2930;7.09096455626552
2931;13.037651470495915
2932;27.500000000000004
2933;6.2500000000000036
2934;2.1480184916400757
2935;3.6722485071490403
2936;4.279659954244558
2937;5.692764325874618
2938;3.433602475152982
2939;48.67332686647425
2940;17.831312801343042
2941;8.221460007739418
2942;6.00843807793665
2943;8.200716009096311
2944;3.4899999999999993
2945;8.172102625166556
2946;3.8905201834016756
2947;43.03999999999999
2948;34.85059470024854
2949;6.815176154063975
2950;7.158192744837878
2951;38.40014225220126
2952;2.21
2953;6.311692074639184
2954;18.43829568406655
2955;16.917378961270625
2956;23.16707256634439
2957;7.445170682251192
2958;6.302807460891179
2959;4.157507683641318
2960;13.450000000000014
2961;23.055144607175155
2962;4.530338909172091
2963;6.815176154063975
2964;109.73041168782004
2965;6.394907548068782
2966;118.4417450542141
2967;1.9509173121539227
2968;50.348189603786345
2969;12.180237235697275
2970;43.88796856650046
2971;67.90319374120645
2972;7.310832345292643
2973;4.911800911648839
2974;10.88657906730706
2975;9.291965120279556
2976;19.17794860992155
2977;6.500224082887733
2978;18.866214460678645
2979;3.6122493723826734
2980;1.66
2981;6.722107613391907
2982;10.22104406757908
2983;6.093194211654317
2984;43.925241965961376
2985;10.572607461413098
2986;6.815176154063975
2987;8.13
2988;4.72898644678657
2989;6.815176154063975
2990;7.2498515116255975
2991;48.30104845189399
2992;5.106774641760331
2993;2.861034568815778
2994;4.279659954244558
2995;10.283579880790288
2996;3.817735732176513
2997;14.773076054853732
2998;10.05287622392542
2999;7.1514516079511825
3000;17.659737272957045
3001;8.16478597998533
3002;6.2500000000000036
3003;160.89264544178806
3004;1.59
3005;59.01524883110161
3006;1.1545760664388038
3007;7.026998843133396
3008;6.16008601025656
3009;82.53401131524473
3010;136.14345791063604
3011;17.988469563085708
3012;6.337302822922812
3013;1.9781688963177846
3014;3.3412113660570464
3015;6.54
3016;11.000000000000007
3017;5.816332293236321
3018;6.23599560639048
3019;41.20999999999999
3020;306.7601644344304
3021;8.456333495023708
3022;4.370843995350605
3023;1.9428839286925157
3024;5.29
3025;4.72898644678657
3026;13.30565671777305
3027;5.293183820220195
3028;46.3497102556388
3029;7.326229060394985
3030;76.7117134986783
3031;6.255130750461204
3032;22.012271538963315
3033;2.8563698193815577
3034;1.7594392611507605
3035;102.79999999999994
3036;2.0431264747961113
3037;6.00843807793665
3038;52.22136550765917
3039;23.709999999999997
3040;4.72898644678657
3041;2.8563698193815577
3042;14.491734975577941
3043;3.817735732176513
3044;6.360000000000001
3045;7.676276131039166
3046;4.778254328493937
3047;51.575195333230894
3048;10.604934964017087
3049;14.2
3050;5.1410385340591205
3051;24.213964076023107
3052;8.350000000000003
3053;5.2814677013907785
3054;6.928421894373917
3055;9.002739185450109
3056;27.73671133016693
3057;22.77833564685301
3058;2.6001481577588375
3059;34.849999999999994
3060;29.531475486617307
3061;8.926361627850843
3062;9.87793498516848
3063;4.150000000000001
3064;8.1079196315584
3065;1.0970957471673806
3066;1.0970957471673806
3067;16.916207083703352
3068;17.786900075488155
3069;3.752196858963248
3070;3.656650266051786
3071;2.6061829791903137
3072;54.98431129345183
3073;6.77382220515689
3074;6.637454330422918
3075;2.9805822701634765
3076;4.762463453499897
3077;4.778254328493937
3078;18.3132702121758
3079;2.0927347176623545
3080;1.59
3081;62.36767432557535
3082;23.709999999999997
3083;4.778254328493937
3084;9.84686536600785
3085;3.1993419540436467
3086;1.4620353160740653
3087;10.88657906730706
3088;26.430000000000007
3089;52.77088375986184
3090;12.998753231373724
3091;8.919999999999998
3092;3.1600000000000006
3093;6.2500000000000036
3094;24.28697686373841
3095;3.8430923642279042
3096;1.59
3097;17.642952552740994
3098;5.9794924285196975
3099;8.61682674942819
3100;3.0134267732231255
3101;102.89286012916453
3102;6.130000000000002
3103;1.1269560130069867
3104;2.4354433411821126
3105;3.19
3106;2.267570391925869
3107;29.8924946825538
3108;10.771736892012509
3109;14.491734975577941
3110;2.533864231758644
3111;6.433794856232274
3112;4.699999999999999
3113;1.6900000000000002
3114;70.70219215312716
3115;34.41005126738872
3116;2.5112694202803953
3117;23.632080691245392
3118;2.787198782454779
3119;2.93286273847275
3120;6.433794856232274
3121;20.269999999999985
3122;1.8399999999999999
3123;1.8699999999999999
3124;17.988469563085708
3125;21.554564693806416
3126;23.709999999999997
3127;2.3971222027292636
3128;1.33
3129;200.52446649504503
3130;2.102570440281238
3131;25.721825678583937
3132;3.817735732176513
3133;6.500224082887733
3134;1.410720664154298
3135;2.5799353758240247
3136;9.62
3137;15.287671654610161
3138;10.622325483576784
3139;2.9299185641517194
3140;17.879322128170227
3141;17.642952552740994
3142;6.360000000000003
3143;1.6836902926714514
3144;28.080125541189204
3145;8.172102625166556
3146;6.537745158326914
3147;2.6342377685218774
3148;34.33375003026389
3149;3.817735732176513
3150;2.0927347176623545
3151;6.546555068320499
3152;23.709999999999997
3153;1.764397050560905
3154;3.8496383037293387
3155;6.788331588882866
3156;44.10329399683123
3157;21.730000000000008
3158;1.410720664154298
3159;32.52220256959279
3160;22.254306731280636
3161;9.847688267583418
3162;3.2822417272340783
3163;18.866214460678645
3164;12.291176975036242
3165;2.2399999999999998
3166;27.609155408824865
3167;2.623474441847001
3168;25.02549542428314
3169;6.360000000000006
3170;18.630000000000013
3171;27.21690859021533
3172;1.08
3173;21.076191637685508
3174;5.595442541284318
3175;18.63
3176;1.8653077189036718
3177;5.910000000000002
3178;17.54830224549399
3179;28.080125541189204
3180;6.360000000000003
3181;8.799296470549587
3182;76.81859932443625
3183;33.311394113436954
3184;1.8399999999999999
3185;1.1034103669260906
3186;10.05287622392542
3187;2.93286273847275
3188;9.763776834757746
3189;2.3131576930367226
3190;6.712745698596956
3191;38.73546121750603
3192;2.041737009252435
3193;9.62
3194;2.456390755796136
3195;89.388168878982
3196;32.929510464372406
3197;17.48106902009686
3198;2.910000000000001
3199;7.123792443052361
3200;6.469359705996591
3201;150.9001567817623
3202;2.0927347176623545
3203;2.5585885992098767
3204;6.002708992287426
3205;6.77382220515689
3206;187.63696153521732
3207;4.562890617237082
3208;23.633544547308336
3209;2.8563698193815577
3210;10.024998862927747
3211;7.676276131039166
3212;4.862844856218183
3213;6.00843807793665
3214;1.9759266622251972
3215;4.973727007333358
3216;10.213893610588169
3217;5.295991457781942
3218;3.226490485108135
3219;6.815176154063975
3220;10.908486304225352
3221;8.911536535627032
3222;6.389999999999999
3223;9.677153511534177
3224;18.431868883117158
3225;1.3251788690074697
3226;6.308601261400234
3227;8.070049269501627
3228;3.593324507387182
3229;1.586047405640883
3230;18.65370014987584
3231;5.3294019152842
3232;15.231280744903579
3233;3.083173239107961
3234;101.42377356034211
3235;27.500000000000004
3236;6.00843807793665
3237;36.64153654344233
3238;10.98343939357459
3239;2.2821651142372295
3240;34.23000000000003
3241;2.4211754859157852
3242;12.110000000000007
3243;10.05287622392542
3244;18.479431691363413
3245;2.518883106537177
3246;5.046313965381453
3247;12.394152552969254
3248;19.037722328881586
3249;10.771736892012509
3250;7.151668034743658
3251;40.328797946519984
3252;6.609863679807737
3253;10.809694546047508
3254;1.9499999999999997
3255;4.57
3256;2.0927347176623545
3257;5.835474662981519
3258;1.9509173121539227
3259;18.431868883117158
3260;8.456333495023708
3261;23.702677524619403
3262;28.606174896116276
3263;3.752196858963248
3264;32.929510464372406
3265;7.428674933440359
3266;5.669298855800931
3267;41.090322894781906
3268;13.450000000000014
3269;204.65798517803958
3270;7.705955142269324
3271;233.97754166521867
3272;5.106774641760331
3273;32.49596832308958
3274;6.3999999999999995
3275;7.432031637829127
3276;5.919999999999999
3277;7.179999999999999
3278;4.973727007333358
3279;13.405931599675709
3280;29.8924946825538
3281;2.0253340388315206
3282;18.479431691363413
3283;2.9805822701634765
3284;5.387057228442975
3285;13.087293066669098
3286;25.518950919315245
3287;4.862844856218183
3288;149.95000000000007
3289;7.547809256010312
3290;14.491734975577941
3291;1.4620353160740653
3292;9.71189115165249
3293;120.73532252518135
3294;3.7699999999999996
3295;7.428674933440359
3296;20.01727459737666
3297;12.130950166276909
3298;10.100864872378372
3299;18.630000000000013
3300;2.2399999999999998
3301;6.360000000000003
3302;23.500348464021393
3303;36.14595365156922
3304;3.597179770612912
3305;5.037052071601108
3306;3.817735732176513
3307;3.1454703731914835
3308;5.9562118492015195
3309;4.157507683641318
3310;2.8563698193815577
3311;1.8399999999999999
3312;2.7568732458321734
3313;2.1200326265181695
3314;7.428674933440359
3315;10.856572901271447
3316;84.60883316868306
3317;47.947886035813454
3318;2.0055554241464595
3319;5.278068683145624
3320;22.040000000000003
3321;1.0630164490667604
3322;5.451382370288227
3323;24.725698266783173
3324;7.676276131039166
3325;3.0771413202827
3326;25.6136890017532
3327;50.940966476192344
3328;20.86040946927739
3329;25.845416503312375
3330;64.6055982501361
3331;1.5719807559739187
3332;42.9071631654386
3333;30.552923297117047
3334;1.4931642345517484
3335;79.71765947139693
3336;6.360000000000001
3337;73.33783251536636
3338;18.63
3339;38.13077107525073
3340;3.7699999999999996
3341;7.468302755079622
3342;5.595442541284318
3343;16.929999999999996
3344;22.51582176225719
3345;5.3989838538788195
3346;5.3186928243053755
3347;1.8399999999999999
3348;13.449423966780744
3349;25.435868061042576
3350;1.8399999999999999
3351;4.223801373504755
3352;3.2800000000000007
3353;4.370843995350605
3354;1.72
3355;4.778254328493937
3356;7.026998843133396
3357;12.180237235697275
3358;4.781768020371898
3359;1.97
3360;8.413479245289238
3361;13.450000000000014
3362;17.988469563085708
3363;5.495786740160844
3364;10.56272266055316
3365;4.046801741487679
3366;7.151668034743658
3367;7.041344938815367
3368;24.865324719787402
3369;10.768856572478146
3370;3.7534263962409122
3371;10.750498680990098
3372;7.0895634536922705
3373;6.601220890706075
3374;4.79664762888072
3375;22.878937244507785
3376;1.411373819604705
3377;2.120155376811169
3378;2.591187366512143
3379;593.6624408575393
3380;9.677252114154296
3381;253.01025465593852
3382;7.361523261615183
3383;2.566991055050037
3384;3.1168484579961273
3385;18.630000000000013
3386;3.5592809878196934
3387;33.51467551448624
3388;2.3953023619712233
3389;4.164831673776118
3390;14.860000000000001
3391;2.21
3392;167.2037376181182
3393;52.96444848586512
3394;3.9400000000000004
3395;4.72898644678657
3396;18.630000000000013
3397;23.709999999999997
3398;4.820000000000003
3399;89.388168878982
3400;2.1375433046048795
3401;10.129999999999994
3402;91.31521765228455
3403;1.97
3404;2.7266733320711047
3405;1.08
3406;17.486779260829405
3407;8.456333495023708
3408;8.351720619335861
3409;7.428674933440359
3410;49.68868474537364
3411;2.8173544910525967
3412;6.433794856232274
3413;7.090921853172311
3414;1.4620353160740653
3415;6.637789021287383
3416;25.77244275455324
3417;1.9814923819730963
3418;2.93286273847275
3419;11.871685841825967
3420;6.3530372990967185
3421;6.815176154063975
3422;5.140000000000001
3423;22.51582176225719
3424;12.235302303581566
3425;9.632366762329058
3426;6.518635738086972
3427;6.280143975726752
3428;4.356463614068136
3429;34.93841674314003
3430;14.314262873891886
3431;6.65206169944723
3432;6.360000000000001
3433;1.46
3434;4.72898644678657
3435;5.8429276678738935
3436;2.022798125908009
3437;1.9499999999999997
3438;4.846837990790865
3439;1.8799999999999997
3440;10.05287622392542
3441;38.29427453476305
3442;6.685755903539885
3443;1.6402335368702683
3444;44.54973509541484
3445;3.693675087706121
3446;23.709999999999997
3447;1.97
3448;9.11699570839455
3449;4.241320464565129
3450;9.4353770307766
3451;6.360000000000001
3452;6.333508935265062
3453;4.72898644678657
3454;6.815176154063975
3455;18.389279097096946
3456;2.5474840372548946
3457;40.7945302129748
3458;4.906665976089205
3459;67.85656679242453
3460;4.370843995350605
3461;2.046456211488466
3462;4.259670957454825
3463;5.3635863766728935
3464;3.4529014036426764
3465;132.19629042716898
3466;15.646421447459794
3467;16.03000000000001
3468;2.2337141631382056
3469;6.360000000000006
3470;4.667910638531608
3471;27.500000000000004
3472;5.397119779034586
3473;7.169267342426538
3474;23.320203304926103
3475;9.062772120847436
3476;5.910000000000002
3477;6.04661732870073
3478;17.952192449196914
3479;6.6893206590920435
3480;29.8924946825538
3481;23.709999999999997
3482;6.255130750461204
3483;31.366067231432076
3484;3.155498385571787
3485;5.31349670163176
3486;4.223801373504755
3487;6.360000000000006
3488;6.200000000000002
3489;11.954815599602894
3490;8.070049269501627
3491;29.8924946825538
3492;2.499383121500737
3493;13.67989794170568
3494;25.721825678583937
3495;17.567459306119652
3496;58.49288349888495
3497;3.7000000000000006
3498;18.630000000000013
3499;4.301308709109975
3500;1.5728448971992446
3501;2.8563698193815577
3502;4.570062384842528
3503;6.433794856232274
3504;67.90319374120645
3505;4.72898644678657
3506;6.88721689367569
3507;10.176046605663352
3508;5.7645331999091605
3509;18.62999999999999
3510;18.62999999999999
3511;4.812599234793599
3512;6.567061942952592
3513;20.86040946927739
3514;2.116651468777691
3515;147.1714861226544
3516;4.356463614068136
3517;4.356463614068136
3518;10.771736892012509
3519;8.98970100396084
3520;16.11709597133594
3521;26.142555553286755
3522;5.315422115108576
3523;3.7992247288013146
3524;10.629202602253304
3525;8.13
3526;2.0431264747961113
3527;25.721825678583937
3528;2.2946047853693683
3529;1.08
3530;18.389279097096946
3531;29.450000000000014
3532;2.787198782454779
3533;152.59674846885943
3534;8.826721471888517
3535;52.22136550765917
3536;5.449999999999999
3537;12.95195813333971
3538;3.1236265327936428
3539;2.026094262198726
3540;6.433794856232274
3541;77.21000000000008
3542;17.988469563085708
3543;23.709999999999997
3544;7.563088608001989
3545;11.84357994175088
3546;18.431868883117158
3547;12.394152552969254
3548;4.873943918604686
3549;1.08
3550;3.066328646898002
3551;11.799060561832631
3552;2.0927347176623545
3553;9.255717815460363
3554;4.768642941202827
3555;27.678646966118038
3556;18.866214460678645
3557;2.281794699786922
3558;40.35613339028366
3559;4.72898644678657
3560;51.09511645843257
3561;2.0045488204209634
3562;3.767026863212463
3563;7.357253595880918
3564;2.231347125349622
3565;8.392202285736213
3566;4.223801373504755
3567;6.141181579111321
3568;9.21142474213117
3569;11.354535897722956
3570;37.86587041082496
3571;1.42
3572;7.706734261608794
3573;18.55305745394481
3574;1.907767944055903
3575;7.590902229478785
3576;16.289187563085736
3577;5.315422115108576
3578;25.768348077557985
3579;7.550000000000004
3580;2.572938273812947
3581;9.086036580025034
3582;6.815176154063975
3583;778.8607867385219
3584;1.94772060075691
3585;3.817735732176513
3586;1.6204735531787473
3587;1.7637187301138981
3588;4.370843995350605
3589;23.709999999999997
3590;15.915186536889781
3591;16.03000000000001
3592;7.450302004282607
3593;8.110000000000001
3594;18.58079998907593
3595;15.287671654610161
3596;34.989245569254656
3597;10.05287622392542
3598;4.661459255778182
3599;17.642952552740994
3600;7.0525216503754695
3601;22.569957536774666
3602;2.0055554241464595
3603;5.29
3604;3.470000000000001
3605;4.82
3606;3.2192459448729
3607;4.370843995350605
3608;22.040000000000003
3609;17.18120107886328
3610;6.360000000000003
3611;16.756042136192406
3612;4.973727007333358
3613;6.97693976978012
3614;3.567015458525324
3615;56.47365202568574
3616;4.772748644613636
3617;1.4620353160740653
3618;5.661872039053693
3619;1.45599282281312
3620;6.402339011848067
3621;19.931964205488384
3622;7.590902229478785
3623;28.90519473880139
3624;6.3530372990967185
3625;14.528851464007396
3626;25.849825496255875
3627;11.46486566447195
3628;2.288308966033854
3629;2.0800000000000005
3630;6.280143975726752
3631;6.141181579111321
3632;6.77382220515689
3633;5.473384262051207
3634;7.1676573461822946
3635;1.279183332453879
3636;19.07496721645214
3637;21.730000000000008
3638;3.49
3639;6.9700000000000015
3640;17.225479514781586
3641;5.972878596940049
3642;20.784506039658915
3643;3.19
3644;6.637454330422918
3645;5.910000000000002
3646;9.62
3647;37.90884953669295
3648;50.348189603786345
3649;1.8799999999999997
3650;5.919999999999999
3651;20.459700077166094
3652;6.59
3653;102.79999999999994
3654;15.409890217027574
3655;8.16478597998533
3656;7.0895634536922705
3657;1.5849606188972172
3658;18.55305745394481
3659;7.0968937332844835
3660;81.44836544517617
3661;29.629823182228066
3662;14.360066274890835
3663;38.343164805730545
3664;29.492527906436855
3665;109.5886480779499
3666;45.69714472371337
3667;3.732800097273349
3668;58.66071160757556
3669;8.116984916372068
3670;117.21989412675214
3671;6.074722111140294
